kms_driven,mileage(kmpl),engine(cc),price(in lakhs)
56000,7.81,2996.0,63.75
30615,17.4,999.0,8.99
24000,20.68,1995.0,23.75
18378,16.5,1353.0,13.56
44900,14.67,1798.0,24.0
42000,18.7,1199.0,5.45
36739,18.9,1197.0,5.12
76000,15.8,1591.0,9.3
68000,13.5,2987.0,42.0
28783,17.0,1198.0,8.02
40000,17.4,1497.0,10.95
17382,16.42,1498.0,8.99
120000,18.88,1995.0,7.45
17000,18.15,998.0,10.95
26867,18.9,1197.0,5.78
30000,21.0,1197.0,8.95
150000,18.88,1995.0,8.5
53000,22.69,1995.0,23.5
40000,17.0,1497.0,7.95
48000,14.1,1368.0,18.95
35000,12.4,1996.0,35.0
100525,16.1,1197.0,2.09
83000,18.0,1497.0,6.25
40191,998.0,671.0,2.12
62152,18.53,1968.0,20.0
49000,15.29,1591.0,8.35
56215,21.4,1197.0,5.03
53000,17.1,1496.0,6.95
100000,12.55,2982.0,16.0
36346,16.8,1353.0,15.22
48000,13.5,1999.0,26.95
42098,18.6,1197.0,6.7
40000,17.1,1956.0,10.75
64000,20.68,1995.0,25.5
13158,22.56,1197.0,8.38
65400,17.6,1582.0,10.9
100000,17.8,1198.0,3.95
30000,26.49,1199.0,7.25
62000,1498.0,986.0,4.75
40000,10.98,1984.0,11.95
10280,18.4,1498.0,16.0
17282,21.4,1197.0,5.45
30500,14.4,1997.0,22.95
60755,20.8,1493.0,13.51
25000,11.9,1950.0,40.75
47000,15.4,2179.0,14.5
59316,16.2,1353.0,13.99
48000,17.1,1496.0,6.95
20000,14.82,1998.0,65.0
12503,22.0,999.0,5.15
10000,14.3,1368.0,15.95
73717,16.1,1197.0,2.41
90000,11.3,2987.0,32.5
17000,17.1,1199.0,5.95
36047,18.9,1197.0,4.32
45000,998.0,5833.0,4.45
100000,19.3,1248.0,2.0
50000,20.36,1197.0,3.45
51000,22.0,1197.0,5.5
62000,2179.0,15287.0,8.5
45000,19.16,2494.0,22.5
17041,20.28,998.0,10.49
49000,16.0,1997.0,9.25
23588,18.27,998.0,9.2
50000,17.9,2143.0,22.0
76000,11.36,2755.0,14.75
49341,21.01,1197.0,5.76
56000,18.0,1198.0,3.25
12000,12.34,1451.0,21.0
51734,17.8,1497.0,5.72
22000,22.0,1197.0,5.75
45084,20.5,1582.0,9.22
20000,15.4,2179.0,11.0
29000,17.8,1198.0,4.8
16763,18.27,998.0,9.69
6000,19.33,1199.0,6.95
60000,2993.0,26149.0,55.0
86000,15.1,2179.0,5.45
24000,17.1,1199.0,6.55
9000,20.36,1197.0,7.75
14900,16.5,1353.0,16.5
17172,20.25,998.0,10.33
33000,1950.0,24138.0,78.0
38000,25.17,799.0,1.85
11501,19.33,1199.0,8.24
43703,1950.0,24138.0,82.9
29800,2755.0,20115.0,44.0
22051,21.01,1197.0,6.98
32965,1197.0,8180.0,5.75
96593,1086.0,6805.0,2.73
50000,17.01,1591.0,6.75
15000,14.82,1998.0,42.0
27138,19.01,1199.0,5.92
15000,21.4,1197.0,7.25
10000,19.4,2143.0,38.0
9000,1997.0,200.0,23.45
10000,18.2,998.0,10.2
70000,18.0,1493.0,14.95
30000,12.6,1950.0,37.5
16684,20.25,998.0,11.11
30000,2996.0,38487.0,67.0
92543,1197.0,8180.0,2.74
25000,1999.0,19713.0,24.75
59870,21.7,1498.0,4.95
62700,18.6,1197.0,5.22
42132,17.8,1493.0,14.75
32000,15.04,1991.0,25.75
58873,19.0,998.0,1.82
10000,14.99,1498.0,7.95
14069,19.33,1199.0,8.24
100000,1461.0,1085.0,6.0
80000,19.01,1461.0,2.85
57453,17.8,1497.0,6.24
40000,11.0,2987.0,43.33
16433,1969.0,18740.0,43.75
17860,15.71,1998.0,29.9
52000,11.36,2755.0,22.5
27200,13.5,2925.0,77.0
25260,18.9,1197.0,4.37
21421,20.37,1995.0,45.9
70215,20.36,1197.0,3.08
32900,23.8,1493.0,20.0
40045,11.9,1950.0,43.9
75000,19.0,998.0,1.68
32325,11.9,1950.0,44.9
68000,12.4,1996.0,33.0
78501,20.7,1197.0,3.94
46853,12.83,1997.0,45.9
27114,21.01,1197.0,7.18
10000,998.0,11841.0,11.7
88000,13.0,1591.0,8.65
58382,19.1,1197.0,3.54
30000,1995.0,188.0,19.5
80000,15.0,1598.0,3.3
32628,11.9,1950.0,41.9
35000,12.4,1996.0,36.0
67264,1197.0,82.0,3.27
17000,16.0,1950.0,65.0
77584,26.6,998.0,2.8
50000,7.81,4663.0,98.5
70000,15.4,2179.0,9.0
71977,1197.0,8180.0,2.94
52690,20.89,1197.0,4.2
11900,14.0,1497.0,18.25
53747,18.6,1197.0,5.77
32321,16.55,1995.0,49.9
55485,19.4,1198.0,3.35
20000,1451.0,141.0,17.5
54000,15.8,1997.0,59.75
49404,21.4,1197.0,5.44
32000,1995.0,188.0,18.2
100000,10.91,3198.0,22.5
8000,1997.0,200.0,24.0
33841,998.0,671.0,3.17
9246,19.4,999.0,15.62
42000,10.75,2694.0,17.9
42462,27.28,1047.0,4.3
30000,12.05,2157.0,24.75
96660,18.5,1197.0,2.47
38963,18.9,1197.0,4.13
70000,18.5,1197.0,1.6
32000,1995.0,188.0,19.5
63249,18.9,1197.0,4.59
40000,1998.0,18740.0,32.0
82000,19.01,1462.0,7.49
38000,20.73,1373.0,6.75
40500,14.11,2199.0,25.25
40000,1493.0,9863.0,11.55
65170,20.36,1197.0,3.02
50000,17.5,1199.0,7.25
34838,999.0,6706.0,3.88
30466,20.28,998.0,10.5
32000,16.1,1950.0,44.5
50000,18.0,1969.0,33.0
48946,19.1,1197.0,4.11
43498,18.56,1995.0,29.9
8744,15.2,1997.0,16.01
30000,1493.0,986.0,7.8
72000,12.81,1997.0,32.5
71361,18.6,1197.0,5.52
60500,20.68,1995.0,19.95
30000,14.11,1984.0,49.5
64000,21.7,1498.0,7.99
26000,11.9,1595.0,12.45
60000,14.7,1496.0,6.49
72000,12.81,1997.0,49.5
28000,1984.0,18774.0,26.5
89002,17.5,1197.0,2.37
36937,21.4,1197.0,6.4
42000,13.68,2393.0,18.75
55000,20.37,1995.0,41.5
70391,21.01,1197.0,5.12
56000,16.3,1797.0,4.95
52190,18.9,1197.0,4.31
40000,11.78,2143.0,9.99
72000,20.38,1968.0,20.0
48173,998.0,671.0,2.88
110000,12.05,1995.0,7.3
50000,16.8,1497.0,3.39
44132,17.9,2143.0,26.9
90000,17.4,1497.0,4.75
49000,12.4,1996.0,33.5
28194,18.27,998.0,9.03
34500,15.01,1998.0,52.0
50605,16.1,1950.0,39.9
70000,12.07,2967.0,40.0
49341,15.29,1591.0,8.42
55000,13.8,2999.0,18.95
55861,22.1,1396.0,10.27
76000,9.17,2995.0,49.5
68000,13.68,2393.0,14.25
52565,17.8,1198.0,4.17
72000,18.0,1969.0,29.55
70000,14.75,2967.0,40.0
73074,18.9,1197.0,4.93
45000,16.35,1956.0,13.75
90995,1197.0,82.0,3.35
30000,23.01,999.0,3.35
80000,1498.0,986.0,4.75
42346,20.51,998.0,3.01
31120,18.0,1497.0,11.5
100000,22.32,1582.0,3.95
33500,17.8,1496.0,7.5
64000,1197.0,82.0,4.25
110000,1497.0,1186600.0,3.5
4000,11.86,2998.0,1.25
48936,19.0,998.0,2.34
23000,10.2,2360.0,19.5
61814,21.4,1197.0,5.27
62000,13.38,2993.0,47.98
40000,17.21,1197.0,10.0
30200,18.27,998.0,9.25
34123,14.67,1798.0,30.5
16000,2996.0,38487.0,83.0
28645,24.3,1248.0,7.71
48933,17.11,1968.0,15.75
60970,13.0,1591.0,9.4
50000,13.0,1591.0,7.75
56000,14.24,2755.0,27.5
40427,18.9,1197.0,5.36
54213,20.73,1373.0,7.9
20000,1996.0,16762.0,32.0
85000,14.53,1798.0,2.75
91000,13.68,2393.0,12.0
47000,18.9,1197.0,3.85
54630,18.0,1497.0,6.86
72222,14.75,2967.0,34.9
41116,18.0,1497.0,10.39
4000,12.65,1997.0,1.1
20000,9.43,1999.0,69.0
29502,19.33,1199.0,7.56
132501,15.97,2993.0,12.21
35000,13.0,2143.0,23.9
56458,25.5,1498.0,5.71
50000,19.12,1373.0,7.25
61657,21.4,1197.0,5.93
50000,18.0,1497.0,6.5
67000,20.73,1373.0,6.25
104948,18.6,1197.0,4.61
20000,9.43,1999.0,52.0
10000,17.0,1497.0,15.21
154000,11.74,2987.0,17.5
46000,19.16,2494.0,20.5
90000,1497.0,1173.0,5.65
39000,20.38,1968.0,22.5
64727,13.0,1591.0,9.87
65000,21.19,1396.0,6.5
44636,19.4,1198.0,2.63
100000,12.55,2982.0,15.5
23616,12.6,1950.0,43.9
107682,19.1,1197.0,3.39
9500,1991.0,30173.0,56.5
47500,12.81,1997.0,43.0
101914,16.47,1198.0,2.59
620,1197.0,8180.0,6.65
45507,21.01,1197.0,6.49
58000,16.77,2967.0,29.75
7000,2925.0,28161.0,1.55
74095,16.5,1499.0,5.37
8450,19.0,5.0,71.9
40000,7.81,4663.0,1.09
77684,796.0,463.0,1.54
22900,13.47,1984.0,54.8
10000,147.51,320.0,42.0
19000,2925.0,3258640000000.0,1.15
74846,18.9,1197.0,3.1
4500,22.35,1197.0,7.55
97722,18.5,1197.0,2.27
9000,12.1,1998.0,70.0
19000,8.9,2999.0,78.99
79683,18.0,1497.0,6.35
26000,22.61,1197.0,7.95
70000,20.68,1995.0,15.5
85540,16.5,1353.0,13.86
10000,1197.0,12873.0,11.7
50170,21.01,1197.0,6.87
44000,13.38,2993.0,98.5
4000,12.6,1950.0,56.75
37163,998.0,671.0,3.18
21003,1451.0,141.0,18.75
49000,16.55,1995.0,39.0
89057,16.98,998.0,2.26
12000,11.9,1950.0,44.5
11000,18.76,1462.0,9.99
72692,17.8,1497.0,6.85
47463,15.63,1499.0,6.33
7651,12.74,1991.0,61.0
69348,17.8,1497.0,6.19
40000,14.47,2993.0,32.5
18000,15.8,1997.0,80.0
40000,11.88,1086.0,2.1
84000,11.0,2987.0,46.21
62411,998.0,671.0,2.9
22711,19.89,1462.0,11.35
90576,18.9,1197.0,3.37
44000,17.0,2987.0,44.0
49000,1197.0,8180.0,4.25
40678,18.27,998.0,9.24
32000,998.0,6704.0,2.2
27500,19.01,1462.0,10.5
92539,18.6,1197.0,5.28
21000,15.3,1998.0,48.0
6000,21.4,1197.0,6.95
5000,1999.0,19713.0,26.5
16570,23.84,1199.0,5.23
11000,21.79,998.0,5.75
39791,17.5,1199.0,6.92
138000,16.0,2179.0,6.95
3000,8.13,3982.0,4.0
94176,1197.0,8850.0,2.67
11000,12.5,3604.0,1.47
30000,16.1,1353.0,13.25
49594,18.47,1498.0,13.37
60000,16.47,1198.0,2.7
76441,19.4,1198.0,3.26
75000,11.74,2987.0,17.75
53000,21.79,998.0,3.95
56572,15.29,1591.0,9.31
27210,21.01,1197.0,6.0
56000,9.7,2996.0,45.75
62677,18.6,1197.0,4.92
18000,22.35,1197.0,7.5
35000,20.37,1995.0,45.0
38000,13.38,2993.0,46.21
109495,20.37,1461.0,6.53
43600,17.11,1968.0,11.9
30000,12.6,1950.0,37.5
45240,25.1,1248.0,7.34
3600,22.5,999.0,3.45
36000,8.13,2925.0,2.05
59090,21.01,1197.0,6.42
126000,15.73,1968.0,6.5
70717,18.9,1197.0,3.86
65000,7.81,5461.0,47.5
73086,17.4,1497.0,3.75
51690,17.33,1199.0,8.52
49000,20.68,1995.0,19.45
25000,15.0,1991.0,49.75
23592,20.3,1086.0,4.71
69000,17.4,1497.0,4.9
70000,14.8,1591.0,7.95
3500,2999.0,36207.0,1.78
64155,19.4,1198.0,3.18
38000,20.0,2143.0,17.49
68018,20.14,1197.0,4.12
14000,19.39,1462.0,19.9
29846,17.5,1199.0,7.6
26092,23.84,1199.0,4.5
50823,1197.0,8180.0,5.5
5200,10.31,2998.0,69.75
36050,17.3,1497.0,8.99
90932,18.0,1497.0,7.86
53000,14.6,1956.0,20.0
11848,12.6,1950.0,39.9
73580,17.3,1497.0,4.66
22600,16.0,1368.0,14.9
36000,18.25,1968.0,27.5
44275,1497.0,8877.0,6.2
52000,18.6,1197.0,6.25
30000,1995.0,188.0,18.2
26000,14.08,1956.0,20.0
45239,20.73,1373.0,6.33
51000,13.7,1991.0,21.0
102973,24.3,1248.0,7.99
87000,18.53,1968.0,19.0
40000,19.1,1197.0,3.7
63952,18.9,1197.0,3.55
58000,15.1,2179.0,12.0
7000,9.8,2995.0,1.12
46310,17.0,1198.0,8.74
42000,11.67,1451.0,16.0
94498,17.8,1497.0,5.81
9300,11.2,1969.0,66.0
37000,13.38,2993.0,71.99
144234,25.5,1498.0,5.52
48000,20.85,1197.0,5.1
19000,15.8,1997.0,80.0
114658,18.6,1197.0,5.21
71000,17.11,1968.0,12.65
8000,1197.0,8850.0,5.95
28000,16.55,1995.0,39.9
38616,17.5,1199.0,7.41
30000,15.1,1798.0,21.5
33093,18.6,1197.0,6.81
33000,17.05,1995.0,29.0
57000,11.36,2755.0,17.5
75206,19.87,1461.0,6.49
40000,16.0,1368.0,15.0
42000,17.9,2143.0,17.6
96241,18.9,1197.0,3.77
34214,26.11,1462.0,12.75
55818,20.73,1373.0,6.61
80000,15.8,1997.0,68.0
40000,26.6,998.0,4.0
70516,998.0,671.0,3.11
48000,20.52,1197.0,5.75
94000,20.37,1995.0,16.9
80627,15.29,1591.0,8.16
49000,14.3,1598.0,5.25
19000,18.8,3456.0,82.0
53311,17.5,1199.0,6.75
70000,18.6,1197.0,5.85
108836,18.6,1197.0,4.49
40000,15.97,2993.0,42.5
120000,24.3,1248.0,6.0
44525,19.12,1373.0,6.93
31500,1995.0,188.0,19.5
80000,15.97,2993.0,26.5
64862,17.5,1199.0,6.07
100000,16.8,1497.0,2.95
63839,21.4,1197.0,5.59
14000,2996.0,38487.0,81.9
50000,18.9,1197.0,3.75
113820,20.0,1497.0,7.89
110000,28.09,1248.0,5.0
31000,15.8,1591.0,8.65
97610,28.4,1248.0,5.64
44000,17.5,1498.0,6.25
34496,12.6,1950.0,39.0
16000,2925.0,3258640000000.0,1.32
75163,21.4,1197.0,5.14
6900,20.65,1462.0,10.25
89961,18.0,1198.0,3.74
4000,19.62,1995.0,54.0
54000,14.6,1956.0,17.5
58740,21.21,1197.0,5.99
100000,11.36,2755.0,15.5
18700,15.8,1997.0,83.0
83690,17.8,1198.0,4.54
11000,15.0,1991.0,50.0
50900,17.71,1197.0,2.95
25000,16.1,1950.0,64.0
78651,18.9,1197.0,3.79
50000,21.56,1462.0,7.5
9818,19.4,999.0,13.9
49230,25.1,1248.0,8.7
65000,17.0,1591.0,8.85
69000,20.68,1995.0,19.9
67000,17.1,1956.0,10.9
76685,17.0,1497.0,6.95
101954,20.45,1461.0,6.68
42000,10.91,3198.0,24.5
68897,18.9,1197.0,5.0
26000,13.32,1998.0,65.0
105568,23.65,1248.0,4.63
54000,12.62,2198.0,24.0
61383,18.15,998.0,9.63
75000,19.27,2143.0,18.5
77130,15.5,1198.0,4.0
56426,18.0,1969.0,29.9
75000,14.75,2967.0,39.9
69018,20.73,1373.0,5.75
57000,19.67,1582.0,10.75
29000,1451.0,141.0,16.5
65710,18.15,998.0,8.66
51763,24.3,1248.0,8.0
19133,18.55,1462.0,9.74
22000,12.95,1999.0,19.25
145000,12.55,2982.0,18.0
42733,20.73,1373.0,6.82
30300,17.84,1395.0,24.8
14000,1991.0,30173.0,48.5
59215,19.87,1461.0,7.8
22000,7.81,2996.0,93.0
91724,14.8,1591.0,10.76
52000,12.9,2755.0,25.5
19900,18.8,3456.0,82.0
72503,998.0,671.0,3.21
1796,285.0,17.0,16.5
38000,16.34,1950.0,69.5
67633,28.09,1248.0,6.61
45000,17.09,2993.0,43.0
61000,18.0,1198.0,4.6
30000,19.27,2143.0,27.5
103030,15.63,1499.0,6.82
19123,19.01,1462.0,10.25
70767,15.1,2179.0,11.6
25000,15.0,1991.0,49.75
58525,15.29,1591.0,8.5
77353,21.4,1197.0,5.2
59200,21.4,1197.0,6.25
25000,1950.0,24138.0,79.9
99230,25.1,1248.0,6.55
80000,18.6,1197.0,5.25
50840,20.73,1373.0,6.72
1000,16.9,1496.0,59.75
150000,15.6,1497.0,4.5
111142,21.4,1197.0,5.01
133477,11.7,1796.0,8.5
23000,2755.0,20115.0,43.0
120802,25.1,1248.0,5.97
41000,14.08,1956.0,20.0
50000,19.16,2494.0,12.5
7900,13.5,2925.0,1.5
42334,20.04,1462.0,8.29
150000,15.6,1497.0,4.25
98275,20.85,1197.0,3.97
57500,13.33,2995.0,1.8
65000,17.5,1199.0,6.85
52235,17.0,1591.0,7.45
50158,17.4,1497.0,6.95
34000,16.1,1950.0,44.9
69820,17.5,1498.0,5.44
71000,11.36,2755.0,20.5
82415,20.89,1197.0,5.34
70000,11.0,2987.0,51.5
71070,19.6,1461.0,7.22
83000,14.8,1595.0,12.65
107834,18.27,998.0,7.99
55000,21.01,1197.0,6.75
55000,9.7,2996.0,45.45
25000,11.2,2400.0,52.0
48539,1197.0,8580.0,3.21
65000,16.8,1497.0,6.25
86916,18.9,1197.0,3.68
11000,18.8,3456.0,66.0
108662,17.0,1198.0,7.12
130000,15.6,1497.0,4.5
29000,10.63,2979.0,71.0
63307,18.9,1197.0,5.44
84000,16.38,1995.0,15.9
101927,21.4,1197.0,5.14
31900,16.47,1998.0,31.0
76000,12.0,1991.0,23.9
40775,20.04,1462.0,8.14
18346,13.5,2925.0,97.0
46001,2925.0,3258640000000.0,1.06
59710,25.1,1248.0,7.8
76000,2987.0,1652243800.0,19.99
8000,11.21,2995.0,87.0
67606,17.5,1199.0,6.82
72135,15.73,1968.0,15.75
96658,18.6,1197.0,5.1
29000,17.84,1395.0,27.25
76000,14.75,2967.0,45.0
26750,19.12,1373.0,8.62
92762,10.13,3498.0,8.25
14000,19.33,1999.0,35.5
43293,19.49,1198.0,4.12
102786,17.0,1497.0,5.95
98751,19.49,1198.0,2.98
53000,12.8,2998.0,34.9
54776,22.69,1995.0,18.9
59870,28.09,1248.0,7.27
50000,18.9,1197.0,3.95
38000,8.13,2925.0,2.45
80330,1197.0,8580.0,2.93
94000,16.8,1497.0,6.25
37800,12.83,1999.0,37.9
25000,14.75,2967.0,65.5
29294,16.35,1956.0,13.65
6800,16.8,1497.0,16.95
16847,20.4,1194.0,5.94
70000,17.9,2143.0,17.5
25500,13.47,1984.0,55.8
65865,19.6,1461.0,7.99
1000,14.11,1984.0,55.9
60000,14.7,1984.0,38.0
54000,21.19,1497.0,9.99
5500,13.02,2998.0,72.0
20866,17.1,1199.0,8.14
5000,22.94,1197.0,9.85
130363,18.6,1197.0,1.3
73937,17.3,1497.0,8.99
40000,1396.0,887.0,7.99
15000,1950.0,24138.0,74.5
42014,19.49,1198.0,4.25
34000,13.96,1451.0,16.4
73000,24.3,1248.0,7.0
59841,25.1,1248.0,8.74
37000,16.8,1497.0,15.25
81949,17.71,1197.0,2.92
50000,1197.0,789.0,4.25
50000,814.0,552.0,1.75
34769,18.3,1498.0,13.08
79656,1197.0,8180.0,3.1
55000,12.6,1950.0,34.75
84310,18.6,1197.0,5.64
23000,18.9,1197.0,5.15
79362,19.49,1198.0,3.42
18000,16.55,1995.0,49.5
102511,1197.0,8580.0,2.49
70000,26.08,1462.0,7.65
80000,11.0,2987.0,48.5
105446,18.9,1197.0,3.75
54000,21.4,1197.0,4.25
75865,1086.0,6805.0,2.65
64690,16.8,1497.0,10.0
5103,1197.0,8180.0,10.85
52000,624.0,3748.0,1.5
18706,1198.0,82.0,4.24
43687,19.1,1197.0,5.2
51000,18.15,998.0,9.75
60758,16.8,1497.0,4.4
42000,23.7,1396.0,10.5
42261,24.3,1248.0,8.85
75499,1197.0,82.0,4.56
120000,22.7,1582.0,3.99
87109,1197.0,82.0,4.59
69000,18.49,1493.0,8.5
109000,22.0,1498.0,6.25
90001,18.23,1582.0,10.75
13000,18.89,1498.0,16.5
60000,22.07,1199.0,2.4
75000,1495.0,94.0,1.9
76000,17.99,1462.0,9.25
82000,20.77,1248.0,6.5
47057,814.0,552.0,3.17
123715,17.0,1591.0,7.7
60000,1199.0,84.0,4.75
36522,19.01,1199.0,5.44
63000,16.09,1598.0,5.8
23285,17.74,999.0,5.73
14596,20.7,1197.0,6.41
48401,14.84,2143.0,12.0
34377,21.01,1197.0,7.57
127000,11.74,2987.0,11.0
70000,16.1,1950.0,39.95
90000,16.09,1995.0,12.0
65000,21.7,1498.0,7.25
80000,17.1,1956.0,16.5
89000,24.2,1498.0,5.5
90000,21.7,1498.0,7.75
109000,22.15,1498.0,7.25
66302,19.7,1497.0,11.24
79247,22.41,1197.0,4.1
46000,13.79,1998.0,33.0
82051,27.39,1248.0,6.07
31655,22.38,1197.0,7.75
16000,18.9,1197.0,5.75
59965,25.5,1498.0,7.61
60000,17.0,1197.0,1.75
103209,21.4,1197.0,5.02
29497,21.4,1197.0,5.59
51000,1197.0,789.0,2.9
22849,20.7,1197.0,6.83
66000,22.54,1396.0,5.75
43000,20.68,1995.0,29.5
68000,24.3,1248.0,7.5
61000,17.9,2143.0,37.5
35000,20.65,1462.0,6.8
47000,19.56,1197.0,6.75
54000,24.3,1248.0,8.75
72000,18.0,1497.0,6.15
62039,796.0,4733.0,3.02
23428,21.01,1197.0,7.14
53000,25.1,1248.0,7.95
47925,16.8,1497.0,4.53
59011,1197.0,82.0,4.26
121281,12.35,2157.0,17.51
63238,18.9,1197.0,5.15
51376,18.0,1497.0,6.0
51196,1086.0,6805.0,3.19
35898,18.9,1197.0,5.43
40000,22.48,1995.0,34.5
19876,20.89,1197.0,4.92
68000,22.9,1248.0,4.1
40451,18.6,1199.0,5.25
60000,17.4,1497.0,5.55
69000,17.68,1968.0,14.5
98000,21.01,1197.0,6.0
790000,18.15,998.0,9.75
55000,18.2,1199.0,7.5
104000,23.59,1364.0,5.25
57647,24.7,796.0,3.52
76125,18.9,1197.0,4.4
94857,28.4,1248.0,6.06
51499,18.0,1198.0,4.96
22468,2198.0,18238.0,22.0
123186,25.24,998.0,3.68
20000,21.79,998.0,6.1
74661,18.6,1197.0,5.45
50018,22.9,1248.0,4.2
38000,18.6,1197.0,5.6
11971,21.01,1197.0,7.55
80000,20.3,1248.0,1.0
64000,18.6,1197.0,5.5
37000,1197.0,831.0,5.05
92000,22.54,1396.0,5.95
70000,23.95,998.0,3.4
83000,17.03,1462.0,7.95
32000,998.0,6705.0,5.1
88000,27.39,1248.0,5.9
105885,1197.0,8850.0,3.27
93774,25.5,1498.0,7.15
44000,12.6,1950.0,39.5
86981,1197.0,82.0,4.21
48728,21.4,1197.0,6.66
87001,17.01,1591.0,4.65
50595,20.51,998.0,4.11
31000,17.1,1199.0,8.5
103012,1197.0,82.0,4.14
108929,22.38,1197.0,3.84
57000,15.4,1497.0,7.95
56387,18.5,1198.0,4.3
101000,26.0,1498.0,5.75
42000,16.5,1198.0,5.5
50000,25.0,1493.0,13.9
810000,21.7,1498.0,9.0
26000,18.9,1197.0,5.95
92001,14.84,2143.0,11.75
29000,18.5,1198.0,4.5
69000,20.4,1197.0,5.4
51918,1197.0,8180.0,5.4
37552,18.9,1197.0,5.32
84000,17.0,1198.0,8.7
63420,18.0,1198.0,5.11
68888,18.9,1197.0,4.39
104255,22.9,1248.0,4.5
47877,18.5,1198.0,4.72
61000,14.74,1991.0,27.9
83337,27.3,1498.0,4.64
61836,19.4,1198.0,4.06
68001,18.19,1197.0,5.9
39813,22.35,1197.0,7.87
74000,17.8,1198.0,6.9
87000,19.4,1198.0,3.5
71000,18.6,1197.0,6.6
102000,17.9,2143.0,43.5
110000,11.3,2360.0,6.5
75000,23.84,1199.0,5.7
62000,28.09,1248.0,7.1
49000,1197.0,789.0,4.4
76792,20.73,1373.0,6.37
34445,19.4,1198.0,4.24
64000,1086.0,6805.0,3.2
109405,22.41,1197.0,5.2
118146,18.7,1199.0,4.61
9000,18.8,1199.0,8.75
41339,18.9,1197.0,5.87
22000,14.82,1998.0,33.5
62607,17.5,1199.0,7.21
52794,21.01,1197.0,6.77
10000,15.0,1991.0,67.5
33864,20.0,999.0,5.86
73000,19.5,1582.0,4.25
70000,21.01,1197.0,4.75
67754,21.9,1498.0,6.15
60000,998.0,671.0,1.7
69000,18.06,1198.0,2.5
78000,15.1,2179.0,10.25
70000,796.0,463.0,1.4
83000,24.52,1248.0,7.8
17778,20.7,1197.0,7.04
16499,20.7,1197.0,7.14
120000,21.64,1461.0,2.25
33364,18.7,1199.0,4.79
64784,18.9,1197.0,4.26
59000,12.0,1991.0,19.9
29584,1086.0,6805.0,3.7
80000,16.95,1498.0,3.0
87217,17.0,1497.0,3.73
77482,23.84,1199.0,3.99
60000,19.0,1199.0,6.25
34312,20.09,1199.0,5.57
53000,19.0,1199.0,6.5
45000,18.1,1199.0,5.75
23000,17.8,1198.0,6.9
80001,21.21,1197.0,4.9
62000,28.4,1248.0,5.5
57000,14.8,1497.0,8.5
21000,19.4,1198.0,3.9
43415,22.38,1197.0,4.08
24412,22.54,1396.0,7.58
45000,14.11,2199.0,25.9
24020,1197.0,82.0,4.8
70251,21.21,1197.0,5.33
44000,18.4,1498.0,9.9
86212,796.0,4036.0,4.2
64000,17.0,1591.0,9.5
39458,1197.0,82.0,4.65
70598,22.9,1248.0,3.56
94000,17.8,1198.0,4.75
48325,1197.0,82.0,4.3
66000,14.28,1798.0,6.5
86001,26.0,1498.0,5.75
62000,14.28,1798.0,6.9
50000,17.43,1396.0,6.25
79000,20.5,1582.0,9.25
74002,28.4,1248.0,6.75
74000,7.81,5461.0,52.9
65000,23.9,1582.0,5.9
39718,21.0,1197.0,7.58
67529,1197.0,82.0,4.5
110000,14.75,2967.0,40.0
88281,21.4,1197.0,5.01
64160,1197.0,82.0,4.12
88000,16.38,1995.0,15.5
77253,22.38,1197.0,4.91
72000,16.55,1968.0,11.9
102614,16.8,1497.0,4.01
78911,17.8,1497.0,6.37
99000,15.3,2993.0,28.9
47975,18.9,1197.0,4.96
56000,19.27,2143.0,29.5
121000,11.3,2987.0,35.0
78000,15.26,2143.0,23.9
75000,15.87,2993.0,32.9
44000,1999.0,2454.0,53.5
42000,23.1,998.0,4.5
32141,1248.0,885.0,6.0
60000,21.4,1197.0,5.1
64657,1197.0,82.0,4.02
100657,19.0,1199.0,5.67
32000,13.0,1591.0,10.9
50570,19.4,1198.0,2.8
42392,18.9,1197.0,5.13
78000,22.7,1498.0,3.75
62155,1197.0,82.0,4.19
100000,15.0,1586.0,1.55
94822,22.54,1396.0,5.43
59422,814.0,552.0,2.91
82000,1497.0,11343.0,13.9
70727,17.0,1591.0,9.12
79000,1497.0,11343.0,12.9
120000,19.01,1461.0,3.45
120000,22.7,1582.0,4.0
70000,18.49,1493.0,6.15
61000,20.68,1995.0,19.75
92000,18.0,1198.0,3.6
58857,15.4,1497.0,6.5
68237,20.51,998.0,3.89
31237,21.01,1197.0,7.27
45000,20.14,1197.0,4.95
93027,22.9,1248.0,3.71
122688,23.4,1248.0,4.22
53000,25.8,1498.0,6.75
60464,21.63,998.0,4.6
10000,999.0,7102.0,8.5
40171,17.4,1497.0,5.17
122223,17.8,1198.0,5.8
44000,1086.0,6805.0,2.4
77299,18.9,1197.0,4.79
39000,16.35,1956.0,13.95
120000,17.1,1956.0,11.0
29000,15.43,1498.0,12.9
60000,18.7,1199.0,4.75
80000,22.54,1396.0,6.9
78000,21.7,1498.0,5.5
58000,24.7,1498.0,5.5
67000,1120.0,70.0,4.25
44019,18.6,1197.0,3.15
11962,24.97,998.0,5.69
13066,22.05,796.0,3.69
36015,18.9,1197.0,3.61
14000,19.65,1197.0,6.99
11880,998.0,5833.0,4.74
35000,1086.0,6805.0,2.25
65018,1248.0,8850.0,4.75
28061,22.05,796.0,3.43
40300,13.9,1498.0,6.5
58231,23.95,998.0,3.32
70000,1197.0,8186.0,4.0
13000,20.28,998.0,8.9
32997,22.05,796.0,3.39
41203,18.7,1199.0,3.99
90000,1498.0,1032.0,3.5
6818,19.4,1194.0,5.4
44000,26.0,1498.0,5.5
29200,25.6,1498.0,8.75
16016,1086.0,6805.0,1.85
26638,21.7,998.0,4.19
18930,998.0,5833.0,4.79
5700,2995.0,340.0,1.05
26580,998.0,5833.0,4.49
35000,15.4,1497.0,7.45
32000,16.9,1395.0,21.0
68499,17.6,1582.0,10.83
53750,23.0,1498.0,6.85
48341,22.05,796.0,3.03
25000,3996.0,641.0,3.6
34260,21.5,1197.0,3.95
48380,23.0,1498.0,5.83
52000,19.67,1582.0,9.95
23022,796.0,342.0,2.25
26610,23.95,998.0,3.65
66019,24.2,1498.0,7.75
42320,998.0,671.0,2.29
25484,998.0,5833.0,4.77
25171,998.0,671.0,2.22
78006,23.0,1396.0,2.55
21607,19.34,1198.0,4.7
52162,16.5,1353.0,11.92
23435,16.77,2993.0,45.0
20336,19.2,999.0,12.81
68591,25.1,1248.0,6.75
65341,25.2,1248.0,3.44
23329,22.5,999.0,2.72
84000,25.1,1498.0,5.25
19000,21.43,1364.0,14.95
100500,1248.0,7394.0,2.45
58500,23.0,1498.0,6.65
66455,19.6,2400.0,19.35
1229,24.97,998.0,5.9
12100,245.59,370.0,50.0
26597,18.2,998.0,9.25
73616,22.0,1197.0,3.75
53657,18.5,1197.0,2.63
37016,814.0,552.0,2.05
62466,18.7,1199.0,3.9
20041,20.7,1197.0,6.19
49000,21.21,1197.0,3.65
44669,19.1,1197.0,3.79
28500,20.7,1197.0,5.45
19843,998.0,671.0,3.05
44800,19.1,1197.0,3.81
44275,21.21,1197.0,3.75
27012,21.21,1197.0,5.45
35629,20.52,1197.0,4.25
37009,23.95,998.0,2.75
28000,16.95,1197.0,2.7
46022,19.81,1086.0,2.35
100000,1086.0,6805.0,1.25
22302,17.5,1373.0,6.9
17000,9.8,2995.0,80.0
7400,14.6,1956.0,20.25
17024,22.7,799.0,2.72
71649,23.59,1364.0,3.32
9016,998.0,6705.0,5.05
44999,16.78,1496.0,3.74
78106,19.87,1461.0,5.1
34016,814.0,552.0,2.15
85692,25.2,1248.0,3.47
6500,17.33,1199.0,7.98
35080,18.27,998.0,8.99
77727,16.2,1199.0,3.77
43000,18.5,1197.0,3.49
30000,18.9,1197.0,4.25
42364,17.45,1493.0,4.5
7000,16.5,1198.0,4.95
54000,18.7,1199.0,3.95
45000,17.5,1298.0,2.25
44018,19.1,1197.0,3.45
18500,16.5,1799.0,12.9
43002,17.92,1086.0,1.75
13200,12.74,1991.0,50.0
69381,23.01,999.0,3.27
64275,19.67,1582.0,6.28
7421,15.2,1997.0,12.49
5252,18.3,1498.0,12.07
63663,16.78,1496.0,3.41
60545,17.8,1497.0,5.55
85602,17.8,1198.0,3.33
35902,15.04,2755.0,28.0
87172,15.8,1591.0,7.88
52950,16.47,1198.0,3.72
42005,17.01,1591.0,4.71
64000,15.8,1591.0,8.25
32000,17.0,1591.0,8.25
65000,15.8,1591.0,8.5
21000,14.59,1999.0,8.85
39450,14.28,1798.0,8.15
32000,14.59,1999.0,8.85
60314,17.5,1199.0,5.75
4000,19.1,1368.0,7.49
65000,28.09,1248.0,5.25
78019,19.67,1582.0,6.39
42970,16.42,1498.0,7.64
176000,12.8,2494.0,4.4
24100,20.52,1197.0,4.74
51123,21.4,1197.0,4.71
66000,16.8,1395.0,5.95
48405,27.39,1248.0,4.98
52305,17.68,1968.0,10.75
46488,24.0,1120.0,3.71
71842,22.54,1396.0,5.29
91000,26.0,1498.0,3.95
51334,21.9,1396.0,2.8
72560,12.9,2755.0,16.7
68000,20.3,1086.0,3.85
45000,22.41,1197.0,3.6
44000,13.17,1999.0,3.95
47000,14.67,1798.0,10.95
92044,12.55,2982.0,16.5
40000,14.75,2967.0,46.0
60545,17.4,1497.0,5.5
79097,1248.0,7394.0,3.29
68619,19.1,1197.0,3.44
34452,14.16,1968.0,16.75
40326,24.0,1186.0,5.22
40021,19.02,1198.0,3.92
44000,998.0,6705.0,3.99
7962,20.52,1197.0,4.89
260000,12.8,2494.0,6.25
44508,19.69,1198.0,3.38
58958,14.5,1797.0,5.25
44000,20.89,1197.0,4.65
48188,17.03,1462.0,8.25
55000,20.36,1197.0,1.51
24268,1197.0,82.0,2.85
23000,17.01,1582.0,10.5
38502,13.96,1451.0,13.75
35000,19.67,1582.0,7.5
43487,16.5,1353.0,13.5
32000,24.3,1248.0,7.5
14400,17.9,2143.0,24.0
62920,1198.0,74.0,5.27
60467,19.0,998.0,2.8
65017,19.81,1086.0,2.25
38015,21.21,1197.0,5.47
49134,17.71,1197.0,4.42
37100,21.79,998.0,3.1
69977,20.28,998.0,8.69
16937,19.34,1198.0,3.25
51441,15.1,2179.0,10.71
53947,21.21,1197.0,5.62
30000,16.5,1353.0,13.2
40909,18.6,1197.0,4.35
70000,18.49,1493.0,5.75
69000,17.5,1197.0,2.25
28662,18.7,1199.0,3.85
46912,14.6,1956.0,16.25
90000,1984.0,207.0,8.0
65000,15.04,1598.0,2.5
40238,19.27,2143.0,12.5
52000,21.66,1498.0,4.45
22873,20.3,1086.0,4.73
77389,19.0,998.0,2.27
32000,22.0,1197.0,5.3
88935,21.66,1498.0,4.85
53681,19.69,1198.0,3.04
60000,15.96,2523.0,5.65
49441,21.19,1396.0,4.89
41000,13.68,2393.0,16.95
23838,20.65,1462.0,8.85
26719,16.4,1896.0,7.89
34987,2925.0,3258640000000.0,1.1
27236,18.49,1493.0,6.5
41080,25.1,1498.0,5.9
72793,23.59,1364.0,4.55
64000,20.36,1197.0,2.35
30000,16.38,1999.0,39.0
32002,20.89,1197.0,4.41
105000,19.87,1461.0,5.25
30000,22.69,1995.0,16.0
20827,20.52,1197.0,4.6
37852,16.5,1493.0,6.75
16683,14.6,1956.0,19.24
53135,1197.0,789.0,1.8
32230,18.9,1197.0,5.13
11000,20.37,1995.0,69.5
10400,18.41,999.0,16.35
23748,20.7,1197.0,6.55
13513,18.3,1199.0,7.65
12952,17.05,1199.0,10.99
22672,18.9,1197.0,3.84
23000,18.9,998.0,2.9
41048,18.6,1197.0,5.48
40000,2999.0,17457.0,21.0
10000,20.37,1995.0,58.75
1800,20.36,1197.0,3.15
34000,16.0,1368.0,17.5
40000,21.4,1197.0,4.7
30000,18.76,1462.0,11.4
22700,18.9,1197.0,5.45
28000,10.54,2998.0,99.0
79862,1061.0,67.0,1.69
29146,13.0,1591.0,11.35
5500,22.94,1197.0,9.35
35925,20.36,1197.0,3.14
57999,21.79,998.0,4.59
14352,21.4,1197.0,5.87
49999,22.8,1373.0,6.34
21194,21.4,1197.0,6.37
27019,1197.0,6805.0,6.7
80000,1968.0,143.0,15.3
24000,24.3,1248.0,9.95
32000,17.0,1497.0,2.4
22600,1969.0,190.0,37.75
10000,17.2,1969.0,85.0
9700,1984.0,18774.0,35.49
13519,21.01,1197.0,6.94
45017,13.0,1591.0,8.75
78308,22.0,1197.0,3.57
79852,18.2,1199.0,5.69
18049,21.1,814.0,3.15
19500,19.87,999.0,16.21
35000,17.01,1968.0,41.99
7643,20.89,1197.0,6.19
12000,18.6,1197.0,5.31
22316,18.9,1197.0,4.54
40000,1451.0,141.0,16.0
45221,1197.0,789.0,2.35
35000,19.56,1197.0,8.45
7000,10.54,2998.0,1.15
40000,17.41,1956.0,17.0
38671,17.8,1497.0,6.25
49303,17.0,1197.0,2.8
65000,17.97,1498.0,2.95
68000,16.9,1395.0,24.99
17536,18.27,998.0,9.7
30400,18.7,1199.0,5.35
15071,1451.0,141.0,14.28
80100,23.65,1248.0,6.25
10773,18.45,1497.0,11.85
10957,20.3,1199.0,7.53
19000,20.09,1199.0,7.45
87900,22.32,1582.0,6.5
16100,20.89,1197.0,6.44
48650,23.59,1364.0,5.25
29252,14.8,1591.0,11.05
2300,1197.0,8180.0,5.9
19446,18.2,1199.0,6.5
26500,26.11,1462.0,11.5
35000,1493.0,11345.0,17.41
10000,999.0,6706.0,3.98
49000,17.5,1199.0,5.85
40000,18.78,999.0,4.75
34756,20.85,1197.0,6.1
